Categories,Scale,Confidence
Pragmatic Quality (PQ),0.963888889,0.326328479
Hedonic Quality (HQ),0.633333333,0.312274698
Attractiveness (ATT),1.011111111,0.284919694
Perspicuity,0.941666667,0.645186782
Efficiency,1.116666667,1.162643678
Dependability,0.833333333,0.729885057
Stimulation,0.741666667,0.894324713
Novelty,0.525,0.639439655
